{
  "loss": [
    485.5426940917969,
    302.8664245605469,
    236.0723876953125,
    236.058837890625,
    236.16856384277344,
    209.9502716064453,
    204.3095703125,
    190.41700744628906,
    174.83807373046875,
    165.0438690185547,
    164.51100158691406,
    165.77145385742188,
    158.7000732421875,
    148.41542053222656,
    155.00965881347656,
    137.10638427734375,
    148.17694091796875,
    144.43423461914062,
    137.913818359375,
    143.4752655029297,
    152.8186798095703,
    133.89547729492188,
    126.7728271484375,
    134.20751953125,
    146.33230590820312,
    140.21978759765625,
    141.49766540527344,
    131.0008544921875,
    129.34483337402344,
    136.98379516601562,
    119.59171295166016,
    131.87689208984375,
    124.31343078613281,
    125.4979248046875,
    128.01426696777344,
    121.38197326660156,
    113.29503631591797,
    122.13460540771484,
    118.98970031738281,
    119.95488739013672,
    121.69575500488281,
    120.98838806152344,
    129.16546630859375,
    114.30500793457031,
    118.61304473876953,
    120.04234313964844,
    122.0999755859375,
    122.8183364868164,
    118.95832061767578,
    119.4290771484375,
    109.81344604492188,
    109.20822143554688,
    112.34782409667969,
    108.66934204101562,
    107.11615753173828,
    103.84333038330078,
    112.97421264648438,
    104.5279541015625,
    114.70633697509766,
    116.64288330078125,
    109.68236541748047,
    113.23865509033203,
    114.33753967285156,
    100.19282531738281,
    105.03887939453125,
    107.1383285522461,
    106.68902587890625,
    114.45854187011719,
    104.91178894042969,
    106.5960693359375,
    106.53086853027344,
    109.98088073730469,
    108.68187713623047,
    105.4197769165039,
    108.43508911132812,
    105.49039459228516,
    109.8899917602539,
    116.4753189086914,
    98.59239959716797,
    110.33001708984375,
    98.90625762939453,
    112.742431640625
  ],
  "mae": [
    18.446428298950195,
    14.382514953613281,
    12.33732795715332,
    12.371326446533203,
    12.431398391723633,
    11.705342292785645,
    11.429824829101562,
    10.889222145080566,
    10.419511795043945,
    10.283019065856934,
    9.885642051696777,
    10.045393943786621,
    9.795459747314453,
    9.7009859085083,
    9.663538932800293,
    9.067514419555664,
    9.763627052307129,
    9.2383451461792,
    9.250718116760254,
    9.252144813537598,
    9.632001876831055,
    9.131885528564453,
    8.634024620056152,
    8.842965126037598,
    9.499960899353027,
    9.369458198547363,
    9.066204071044922,
    8.92201042175293,
    8.735074996948242,
    9.269558906555176,
    8.545402526855469,
    8.73777961730957,
    8.758360862731934,
    8.691326141357422,
    9.016469955444336,
    8.522372245788574,
    8.147141456604004,
    8.428461074829102,
    8.489911079406738,
    8.635574340820312,
    8.384710311889648,
    8.455337524414062,
    8.793795585632324,
    8.208617210388184,
    8.441010475158691,
    8.589131355285645,
    8.506105422973633,
    8.483779907226562,
    8.466747283935547,
    8.397586822509766,
    8.075516700744629,
    8.20511245727539,
    8.047430992126465,
    8.094640731811523,
    8.063576698303223,
    7.962127685546875,
    8.231100082397461,
    7.937809944152832,
    8.284375190734863,
    8.41262149810791,
    8.006823539733887,
    8.26390266418457,
    8.366052627563477,
    7.648209095001221,
    8.120560646057129,
    8.006999969482422,
    8.158495903015137,
    8.181001663208008,
    8.025965690612793,
    8.02150821685791,
    7.726221084594727,
    8.176218032836914,
    7.9296698570251465,
    7.8150458335876465,
    7.929394245147705,
    8.079288482666016,
    8.115978240966797,
    8.289682388305664,
    7.744545936584473,
    8.128535270690918,
    7.829122066497803,
    8.203619956970215
  ],
  "val_loss": [
    436.986572265625,
    279.389892578125,
    271.5838317871094,
    260.94903564453125,
    249.8451690673828,
    236.1702880859375,
    221.05340576171875,
    203.43292236328125,
    186.5316619873047,
    175.08811950683594,
    158.9856414794922,
    150.6342315673828,
    145.74444580078125,
    134.73890686035156,
    130.35818481445312,
    121.34810638427734,
    115.07035064697266,
    110.97163391113281,
    113.77493286132812,
    112.11698913574219,
    106.99116516113281,
    103.6490707397461,
    97.47908782958984,
    95.44023132324219,
    95.3493423461914,
    93.69732666015625,
    98.6292724609375,
    89.75916290283203,
    95.84915161132812,
    88.44524383544922,
    91.07317352294922,
    88.8050308227539,
    86.09895324707031,
    82.9498291015625,
    88.40614318847656,
    81.54181671142578,
    79.4372329711914,
    77.77615356445312,
    83.82543182373047,
    90.30072021484375,
    82.97312927246094,
    82.8065185546875,
    78.01408386230469,
    79.86473083496094,
    78.95775604248047,
    79.03511810302734,
    79.30500030517578,
    78.76599884033203,
    76.15860748291016,
    76.97694396972656,
    74.6195068359375,
    74.22046661376953,
    74.9692153930664,
    70.34375762939453,
    68.76428985595703,
    70.274658203125,
    68.05640411376953,
    67.38761901855469,
    66.3024673461914,
    70.9675064086914,
    68.17891693115234,
    69.10052490234375,
    68.55390930175781,
    69.32350158691406,
    69.19718933105469,
    66.83100128173828,
    64.5562973022461,
    66.99043273925781,
    66.52088928222656,
    65.57545471191406,
    65.59361267089844,
    65.8882064819336,
    66.52201080322266,
    66.9132080078125,
    67.18611907958984,
    68.0753402709961,
    68.37303924560547,
    68.01499938964844,
    67.87850189208984,
    68.39139556884766,
    67.63710021972656,
    67.40828704833984
  ],
  "val_mae": [
    17.78353500366211,
    13.466615676879883,
    13.109928131103516,
    12.959687232971191,
    12.727124214172363,
    12.324684143066406,
    11.90342903137207,
    11.271632194519043,
    10.778708457946777,
    10.51297664642334,
    9.75289249420166,
    9.372699737548828,
    9.472186088562012,
    8.904754638671875,
    8.694867134094238,
    8.077590942382812,
    8.150179862976074,
    7.822912216186523,
    8.03615665435791,
    7.943447113037109,
    7.600418567657471,
    7.435722351074219,
    7.225049018859863,
    7.107527256011963,
    6.964494705200195,
    6.8706464767456055,
    7.09163761138916,
    6.861634731292725,
    6.968655109405518,
    6.7595086097717285,
    7.091948986053467,
    6.6643218994140625,
    6.7282562255859375,
    6.612034797668457,
    7.187808990478516,
    6.459549903869629,
    6.286090850830078,
    6.479051113128662,
    6.462793350219727,
    7.349874973297119,
    6.567568778991699,
    6.480322360992432,
    6.29420280456543,
    6.642887115478516,
    6.41021203994751,
    6.430179595947266,
    6.469612121582031,
    6.44993257522583,
    6.2816948890686035,
    6.284731864929199,
    6.2095046043396,
    6.2187180519104,
    6.214415550231934,
    6.012014865875244,
    5.900532245635986,
    5.959158420562744,
    5.844015121459961,
    5.798704624176025,
    5.75354528427124,
    6.0263261795043945,
    5.864437580108643,
    5.919976234436035,
    5.92576789855957,
    5.942052364349365,
    6.038822650909424,
    5.821035861968994,
    5.6934380531311035,
    5.791322231292725,
    5.782378673553467,
    5.760746002197266,
    5.762630462646484,
    5.7820353507995605,
    5.824674129486084,
    5.869246482849121,
    5.878231048583984,
    5.919953346252441,
    5.932987689971924,
    5.91391658782959,
    5.9031829833984375,
    5.928602695465088,
    5.88763952255249,
    5.870899200439453
  ]
}