{
  "trained_at": "2025-12-11T10:17:33.354541",
  "csv_path": "Datasets/freelancer_job_postings.csv",
  "training_time_seconds": 26.267371,
  "epochs_run": 41,
  "test_rmse_php": 122157.484375,
  "test_mae_php": 20944.671875,
  "metrics_per_output": {
    "min_price": {
      "rmse_php": 66726.703125,
      "mae_php": 11823.07421875,
      "mape_percent": 132.48788452148438
    },
    "suggested_price": {
      "rmse_php": 114872.3671875,
      "mae_php": 20839.96875,
      "mape_percent": 173.153076171875
    },
    "max_price": {
      "rmse_php": 164679.1875,
      "mae_php": 30170.970703125,
      "mape_percent": 187.925048828125
    }
  },
  "train_samples": 5125,
  "val_samples": 1098,
  "test_samples": 1099
}